{
    "Modules": {
        "...MASTER...": {
            "start_perf": [
                0.15003180503845215,
                0.074139999999999998,
                0.066125000000000003,
                239940,
                255616,
                1681622746.0049689,
                12388751264440430
            ],
            "child_modules": {
                "top": 1,
                "std": 1
            },
            "end_perf": [
                0.16341280937194824,
                0.075163999999999995,
                0.071154999999999996,
                241344,
                255616,
                12388751296528678,
                0,
                0
            ],
            "nRouts": 5,
            "nMops": 0,
            "nQuads": 0
        },
        "top": {
            "start_perf": [
                0.16997289657592773,
                0.078922999999999993,
                0.073927999999999994,
                241360,
                255616,
                1681622746.02491,
                12388751312148986
            ],
            "Compiled Times": 8,
            "child_modules": {
                "accumulator": 1,
                "AccInterface": 1
            },
            "Compiled": "Yes",
            "end_perf": [
                0.17568087577819824,
                0.084616999999999998,
                0.073927999999999994,
                241900,
                255616,
                12388751325779210,
                12884901889,
                0
            ],
            "nRouts": 53,
            "nMops": 830,
            "nQuads": 343
        },
        "std": {
            "start_perf": [
                0.16366481781005859,
                0.075163999999999995,
                0.071392999999999998,
                241344,
                255616,
                1681622746.0186019,
                12388751297102556
            ],
            "child_modules": {},
            "Compiled Times": 8,
            "Compiled": "Yes",
            "end_perf": [
                0.16988182067871094,
                0.078876000000000002,
                0.073884000000000005,
                241360,
                255616,
                12388751311958836,
                8589934594,
                0
            ],
            "svclass": [
                "$vcs_nba_dyn_obj",
                0,
                37,
                2,
                2,
                0,
                "sigprop$$",
                0,
                37,
                2,
                2,
                0,
                "process",
                0,
                184,
                8,
                8,
                0,
                "event",
                0,
                36,
                2,
                2,
                0,
                "mailbox",
                0,
                107,
                9,
                9,
                0,
                "semaphore",
                0,
                71,
                5,
                5,
                0
            ],
            "nRouts": 33,
            "nQuads": 218,
            "nMops": 472
        },
        "AccInterface": {
            "start_perf": [
                0.17572689056396484,
                0.084664000000000003,
                0.073927999999999994,
                241900,
                255616,
                1681622746.030664,
                12388751325865268
            ],
            "Compiled Times": 8,
            "child_modules": {},
            "Compiled": "Yes",
            "end_perf": [
                0.17650699615478516,
                0.085197999999999996,
                0.074172000000000002,
                241900,
                255616,
                12388751327751892,
                17179869185,
                0
            ],
            "nRouts": 8,
            "nMops": 38,
            "nQuads": 12
        },
        "accumulator": {
            "start_perf": [
                0.17654991149902344,
                0.085221000000000005,
                0.074191999999999994,
                241900,
                255616,
                1681622746.031487,
                12388751327844404
            ],
            "Compiled Times": 8,
            "child_modules": {},
            "Compiled": "Yes",
            "end_perf": [
                0.1783299446105957,
                0.085221000000000005,
                0.075967999999999994,
                242068,
                255616,
                12388751332121722,
                21474836481,
                0
            ],
            "nRouts": 19,
            "nMops": 423,
            "nQuads": 125
        }
    },
    "ObjArchives": [
        {
            "archive": "archive.7/_53631_archive_1.a",
            "objects": [
                [
                    "amcQwB.o",
                    98554
                ]
            ],
            "size": 98554
        }
    ],
    "CompUnits": {},
    "stat": {
        "cpu_cycles_end": 12388751346972062,
        "ru_self_end": {
            "ru_stime_sec": 0.07918,
            "ru_utime_sec": 0.088201000000000002,
            "ru_maxrss_kb": 79692,
            "ru_nvcsw": 24,
            "ru_minflt": 27403,
            "ru_nivcsw": 81,
            "ru_majflt": 0
        },
        "ru_childs_end": {
            "ru_stime_sec": 0.032353,
            "ru_utime_sec": 0.036881999999999998,
            "ru_maxrss_kb": 22420,
            "ru_nvcsw": 18,
            "ru_minflt": 6897,
            "ru_nivcsw": 11,
            "ru_majflt": 0
        },
        "peak_mem_kb": 255616
    },
    "reusePaths": {
        "mY12q_d": {
            "icPath": "csrc"
        },
        "amcQw_d": {
            "icPath": "csrc"
        },
        "reYIK_d": {
            "icPath": "csrc"
        },
        "v8fid_d": {
            "icPath": "csrc"
        },
        "Emx8S_d": {
            "icPath": "csrc"
        }
    }
}